departement,pcode,commune,cellules,population,demande_obstetricale,HOPITAL_NC,SONUB,SONUC
Artibonite,HT0511,Gonaives,212,366051.0,110789.0,24.0,5.0,4.0
Artibonite,HT0512,Ennery,36,52529.0,13251.0,5.0,0.0,0.0
Artibonite,HT0513,L'Estere,88,44802.0,12329.999999999998,4.0,0.0,0.0
Artibonite,HT0521,Gros Morne,93,162808.0,40625.0,10.0,3.0,0.0
Artibonite,HT0522,Terre Neuve,32,32784.0,7622.999999999999,1.0,0.0,0.0
Artibonite,HT0523,Anse Rouge,201,47668.0,12525.000000000002,16.0,2.0,1.0
Artibonite,HT0531,Saint-Marc,230,281577.0,82866.0,38.0,20.0,10.0
Artibonite,HT0532,Verrettes,136,146485.0,38984.0,11.0,0.0,2.0
Artibonite,HT0533,La Chapelle,25,32609.000000000004,7694.000000000001,2.0,0.0,0.0
Artibonite,HT0541,Dessalines,142,185387.0,47191.00000000001,11.0,0.0,2.0
Artibonite,HT0542,Petite Riviere de l'Artibonite,134,165493.99999999997,42901.0,10.0,0.0,4.0
Artibonite,HT0543,Grande Saline,35,23598.000000000004,6238.0,0.0,0.0,5.0
Artibonite,HT0544,Desdunes,38,37602.0,10098.999999999998,5.0,0.0,1.0
Artibonite,HT0551,Saint-Michel de l'Attalaye,99,154615.0,38840.0,7.0,0.0,0.0
Artibonite,HT0552,Marmelade,7,39659.0,9778.0,2.0,0.0,0.0
Centre,HT0611,Hinche,64,163137.0,43101.0,9.0,1.0,1.0
Centre,HT0612,Maissade,39,78577.0,19482.0,8.0,0.0,0.0
Centre,HT0613,Thomonde,46,85152.0,20646.0,8.0,0.0,0.0
Centre,HT0614,Cerca Carvajal,3,31774.0,7888.999999999999,3.0,0.0,0.0
Centre,HT0621,Mirebalais,94,129573.0,34605.0,10.0,0.0,5.0
Centre,HT0622,Saut d'Eau,35,52389.0,12992.0,0.0,0.0,1.0
Centre,HT0623,Boucan Carre,56,79705.0,19515.0,0.0,0.0,1.0
Centre,HT0631,Lascahobas,24,65198.0,16447.0,5.0,0.0,0.0
Centre,HT0632,Belladere,61,123067.0,30561.0,5.0,0.0,1.0
Centre,HT0633,Savanette,31,46902.0,12326.0,2.0,0.0,0.0
Centre,HT0641,Cerca La Source,39,73041.0,18372.0,8.0,0.0,0.0
Centre,HT0642,Thomassique,20,85148.0,20997.0,1.0,0.0,1.0
Grande'Anse,HT0811,Jeremie,87,155299.0,42355.0,12.0,3.0,6.0
Grande'Anse,HT0812,Abricots,10,47470.0,10951.000000000002,3.0,2.0,0.0
Grande'Anse,HT0813,Bonbon,5,10653.0,2374.0,2.0,0.0,0.0
Grande'Anse,HT0814,Moron,19,36686.0,8669.0,1.0,0.0,3.0
Grande'Anse,HT0815,Chambellan,8,35368.0,8843.0,2.0,0.0,0.0
Grande'Anse,HT0821,Anse d'Hainault,12,49099.00000000001,12156.000000000002,4.0,0.0,0.0
Grande'Anse,HT0822,Dame Marie,14,41207.0,10835.999999999998,5.0,0.0,0.0
Grande'Anse,HT0823,Les Irois,11,24756.0,5827.0,2.0,0.0,0.0
Grande'Anse,HT0831,Corail,14,28292.000000000004,6481.000000000001,6.0,0.0,0.0
Grande'Anse,HT0832,Roseaux,38,41589.0,9319.0,3.0,0.0,2.0
Grande'Anse,HT0833,Beaumont,32,35380.0,9293.0,2.0,0.0,0.0
Grande'Anse,HT0834,Pestel,53,48575.0,11448.0,8.0,0.0,0.0
Nippes,HT1011,Miragoane,71,70617.0,19606.0,8.0,0.0,0.0
Nippes,HT1012,Petite Riviere de Nippes,52,34943.0,8775.0,5.0,0.0,0.0
Nippes,HT1013,Fonds des Negres,51,38319.0,10600.000000000002,3.0,0.0,0.0
Nippes,HT1014,Paillant,28,19644.0,5671.0,2.0,0.0,0.0
Nippes,HT1021,Anse-a-Veau,48,37907.0,9374.0,4.0,0.0,0.0
Nippes,HT1022,Petit Trou de Nippes,35,33793.0,7717.0,3.0,0.0,0.0
Nippes,HT1023,L'Asile,94,45890.0,11481.999999999998,4.0,0.0,0.0
Nippes,HT1024,Arnaud,30,23479.0,5720.0,1.0,0.0,0.0
Nippes,HT1025,Plaisance du Sud,13,32167.999999999996,7388.999999999999,2.0,0.0,0.0
Nippes,HT1031,Baraderes,29,45622.0,10583.0,1.0,1.0,0.0
Nippes,HT1032,Grand-Boucan,12,6460.000000000001,1529.0,2.0,0.0,0.0
North,HT0311,Cap-Haitien,46,303590.0,97764.99999999999,20.0,25.0,1.0
North,HT0312,Quartier Morin,60,29881.0,7966.999999999999,6.0,2.0,2.0
North,HT0313,Limonade,54,61261.00000000001,15921.000000000002,4.0,2.0,0.0
North,HT0321,Acul du Nord,28,59631.99999999999,15800.999999999998,8.0,0.0,0.0
North,HT0322,Plaine du Nord,33,43982.0,11749.0,9.0,3.0,0.0
North,HT0323,Milot,30,34193.0,8826.0,3.0,0.0,1.0
North,HT0331,Grande Riviere Du Nord,29,43816.0,11919.0,3.0,3.0,0.0
North,HT0332,Bahon,9,24534.0,6037.000000000001,2.0,0.0,0.0
North,HT0341,Saint-Raphael,21,56607.0,14337.0,2.0,0.0,1.0
North,HT0342,Dondon,16,36398.0,9406.0,2.0,0.0,0.0
North,HT0343,Ranquitte,11,29256.0,7474.000000000001,3.0,2.0,0.0
North,HT0344,Pignon,18,46806.0,12067.000000000002,2.0,0.0,0.0
North,HT0345,La Victoire,3,11101.0,2799.0,2.0,0.0,0.0
North,HT0351,Borgne,14,70765.0,17389.0,3.0,0.0,3.0
North,HT0352,Port-Margot,29,52744.99999999999,13010.0,11.0,0.0,0.0
North,HT0361,Limbe,28,90050.0,25318.0,3.0,2.0,0.0
North,HT0362,Bas Limbe,17,22052.000000000004,5871.000000000001,2.0,0.0,0.0
North,HT0371,Plaisance,20,76929.0,19172.0,8.0,0.0,0.0
North,HT0372,Pilate,12,60535.0,14392.0,2.0,0.0,0.0
North-East,HT0411,Fort-Liberte,31,40129.0,11197.0,4.0,2.0,0.0
North-East,HT0412,Ferrier,19,17054.0,4269.0,4.0,0.0,0.0
North-East,HT0413,Perches,3,13700.0,3594.9999999999995,2.0,0.0,0.0
North-East,HT0421,Ouanaminthe,32,123320.0,34948.99999999999,6.0,12.0,1.0
North-East,HT0422,Capotille,9,22559.0,5549.0,1.0,0.0,0.0
North-East,HT0423,Mont-Organise,17,24682.0,6367.0,3.0,0.0,0.0
North-East,HT0431,Trou du Nord,27,57212.0,15700.0,5.0,8.0,0.0
North-East,HT0432,Sainte Suzanne,6,32812.0,7545.0,6.0,0.0,0.0
North-East,HT0433,Terrier Rouge,30,35373.0,8963.000000000002,5.0,0.0,0.0
North-East,HT0434,Caracol,27,9005.000000000002,2288.0000000000005,7.0,1.0,0.0
North-East,HT0441,Vallieres,2,27514.0,7037.0,4.0,0.0,0.0
North-East,HT0442,Carice,5,15825.0,3768.0,4.0,0.0,0.0
North-East,HT0443,Mombin Crochu,8,40343.0,9921.000000000002,3.0,0.0,0.0
North-West,HT0911,Port-de-Paix,114,210942.0,62936.99999999999,17.0,0.0,1.0
North-West,HT0912,La Tortue,33,40156.0,10364.000000000002,6.0,0.0,0.0
North-West,HT0913,Bassin Bleu,31,65669.0,17011.0,7.0,0.0,0.0
North-West,HT0914,Chamsolme,17,31537.0,7965.999999999999,1.0,0.0,0.0
North-West,HT0921,Saint-Louis du Nord,25,120555.0,32948.0,15.0,0.0,0.0
North-West,HT0922,Anse-a-Foleur,5,31659.000000000004,7944.000000000001,3.0,0.0,0.0
North-West,HT0931,Mole Saint Nicolas,19,36005.0,9144.0,5.0,1.0,0.0
North-West,HT0932,Baie de Henne,46,28588.0,7080.0,7.0,0.0,0.0
North-West,HT0933,Bombardopolis,75,37868.0,9236.0,6.0,0.0,0.0
North-West,HT0934,Jean Rabel,94,156750.0,41747.0,20.0,0.0,0.0
South,HT0711,Les Cayes,136,207438.99999999997,60684.0,17.0,6.0,24.0
South,HT0712,Torbeck,101,93827.0,23747.000000000004,5.0,1.0,2.0
South,HT0713,Chantal,74,41237.0,10212.0,2.0,0.0,1.0
South,HT0714,Camp-Perrin,67,51550.0,13265.0,6.0,2.0,0.0
South,HT0715,Maniche,31,27507.0,6159.999999999999,4.0,1.0,0.0
South,HT0716,Ile a Vache,42,17491.0,4263.0,1.0,1.0,0.0
South,HT0721,Port-Salut,24,25431.0,6106.0,5.0,0.0,0.0
South,HT0722,Saint Jean du Sud,57,35362.0,8374.0,3.0,1.0,0.0
South,HT0723,Arniquet,24,35838.0,8267.0,1.0,0.0,1.0
South,HT0731,Aquin,300,123719.0,33336.0,13.0,0.0,4.0
South,HT0732,Saint Louis du Sud,104,80295.0,21736.0,5.0,0.0,0.0
South,HT0733,Cavaillon,74,63397.0,15620.0,9.0,0.0,0.0
South,HT0741,Coteaux,54,25395.0,6191.0,4.0,0.0,0.0
South,HT0742,Port-a-Piment,24,26647.0,6253.0,0.0,0.0,1.0
South,HT0743,Roche a Bateau,29,28335.0,6457.0,0.0,0.0,1.0
South,HT0751,Chardonnieres,37,32835.0,7622.000000000001,1.0,0.0,1.0
South,HT0752,Les Anglais,43,39577.0,9531.0,1.0,0.0,0.0
South,HT0753,Tiburon,72,28474.0,7155.0,,0.0,0.0
South-East,HT0211,Jacmel,194,258099.00000000003,69951.0,15.0,2.0,7.0
South-East,HT0212,Marigot,46,92869.0,24979.0,6.0,0.0,0.0
South-East,HT0213,Cayes-Jacmel,19,49844.99999999999,12832.0,7.0,0.0,0.0
South-East,HT0214,La Vallee,60,47372.0,10786.0,3.0,1.0,0.0
South-East,HT0221,Bainet,148,113034.0,26239.0,10.0,1.0,0.0
South-East,HT0222,Cotes de Fer,116,63370.0,14000.0,4.0,0.0,1.0
South-East,HT0231,Belle Anse,28,95781.0,24230.0,8.0,0.0,0.0
South-East,HT0232,Grand Gosier,9,25416.0,6167.0,1.0,0.0,0.0
South-East,HT0233,Thiotte,13,46178.0,11686.0,6.0,0.0,0.0
South-East,HT0234,Anse-a-Pitre,16,43459.0,10673.0,1.0,0.0,1.0
West,HT0111,Port-au-Prince,43,926906.0,305055.0,24.0,24.0,57.0
West,HT0112,Delmas,34,435779.0,135232.0,46.0,12.0,12.0
West,HT0113,Carrefour,116,460506.0,146744.0,35.0,8.0,3.0
West,HT0114,Petion-Ville,114,394895.0,120159.0,28.0,4.0,3.0
West,HT0115,Kenscoff,96,63006.0,16365.0,6.0,0.0,0.0
West,HT0116,Gressier,55,3987.0,982.0,7.0,3.0,0.0
West,HT0117,Cite Soleil,32,287439.0,86828.00000000001,15.0,6.0,1.0
West,HT0118,Tabarre,35,141693.0,44250.0,11.0,9.0,3.0
West,HT0121,Leogane,226,233614.0,58987.00000000001,22.0,2.0,0.0
West,HT0122,Petit-Goave,256,194867.0,46231.99999999999,15.0,3.0,0.0
West,HT0123,Grand-Goave,177,157549.0,36926.99999999999,10.0,0.0,0.0
West,HT0131,Croix-Des-Bouquets,354,129879.0,35820.0,50.0,37.0,1.0
West,HT0132,Thomazeau,142,54753.0,13215.000000000002,0.0,6.0,0.0
West,HT0133,Ganthier,195,65036.00000000001,17117.0,7.0,1.0,0.0
West,HT0134,Cornillon / Grand Bois,20,66185.0,14475.0,4.0,0.0,0.0
West,HT0135,Fonds-Verrettes,59,54717.0,11884.0,4.0,1.0,0.0
West,HT0141,Arcahaie,159,142752.0,35825.0,18.0,1.0,0.0
West,HT0142,Cabaret,104,65302.0,16472.0,9.0,0.0,0.0
West,HT0151,Anse a Galets,78,70156.0,16881.0,2.0,0.0,2.0
West,HT0152,Pointe a Raquette,83,26818.0,5754.0,7.0,0.0,1.0
